content,dynasty,name,author

"
昨夜夜半，枕上分明梦见。语多时。依旧桃花面，频低柳叶眉。",唐代,女冠子·昨夜夜半,韦庄
"
小山重叠金明灭，鬓云欲度香腮雪。懒起画蛾眉，弄妆梳洗迟。",唐代,菩萨蛮·小山重叠金明灭,温庭筠
"
劝君今夜须沉醉，尊前莫话明朝事。珍重主人心，酒深情亦深。",唐代,菩萨蛮·劝君今夜须沉醉,韦庄
"
人人尽说江南好，游人只合江南老。春水碧于天，画船听雨眠。",唐代,菩萨蛮·人人尽说江南好,韦庄
"
梳洗罢，独倚望江楼。过尽千帆皆不是，斜晖脉脉水悠悠。肠断白蘋洲。
",唐代,望江南·梳洗罢,温庭筠
"
兰烬落，屏上暗红蕉。闲梦江南梅熟日，夜船吹笛雨萧萧。人语驿边桥。
",唐代,梦江南·兰烬落,皇甫松
"
四月十七，正是去年今日，别君时。忍泪佯低面，含羞半敛眉。",唐代,女冠子·四月十七,韦庄
"
借问江潮与海水，何似君情与妾心？",唐代,浪淘沙·借问江潮与海水,白居易
"
红楼别夜堪惆怅，香灯半卷流苏帐。",唐代,菩萨蛮·红楼别夜堪惆怅,韦庄
"
菡萏香连十顷陂，小姑贪戏采莲迟。 ",唐代,采莲子·菡萏香莲十顷陂,皇甫松
"
柳丝长，桃叶小。深院断无人到。红日淡，绿烟晴。流莺三两声。 ",宋代,更漏子·柳丝长,晏几道
"
花非花，雾非雾。",唐代,花非花,白居易
"
",唐代,忆江南三首,白居易
"
斑竹枝，斑竹枝，泪痕点点寄相思。楚客欲听瑶瑟怨，潇湘深夜月明时。
",唐代,潇湘神·斑竹枝,刘禹锡
"
汴水流，泗水流，流到瓜州古渡头。吴山点点愁。",唐代,长相思·汴水流,白居易
"
明月别枝惊鹊，清风半夜鸣蝉。稻花香里说丰年，听取蛙声一片。 ",宋代,西江月·夜行黄沙道中,辛弃疾
"
江南好，风景旧曾谙。日出江花红胜火，春来江水绿如蓝。能不忆江南？
",唐代,忆江南·江南好,白居易
"
候蛩凄断。人语西风岸。月落沙平江似练。望尽芦花无雁。 ",宋代,清平乐·候蛩凄断,张炎
"
",宋代,八声甘州·记玉关踏雪事清游,张炎
"
",宋代,满江红·题南京夷山驿,王清惠
"
送春去。春去人间无路。秋千外，芳草连天，谁遣风沙暗南浦。依依甚意绪。漫忆海门飞絮。乱鸦过，斗转城荒，不见来时试灯处。 ",宋代,兰陵王·丙子送春,刘辰翁
"
天上低昂仰旧，人间儿女成狂。夜来处处试新妆。却是人间天上。 ",宋代,西江月·新秋写兴,刘辰翁
"
一勺西湖水。渡江来、百年歌舞，百年酣醉。回首洛阳花世界，烟渺黍离之地。更不复、新亭堕泪。簇乐红妆摇画艇，问中流、击楫谁人是。千古恨，几时洗。(花世界 一作：花石尽） ",宋代,贺新郎·西湖,文及翁
"
何处合成愁。离人心上秋。纵芭蕉、不雨也飕飕。都道晚凉天气好，有明月、怕登楼。 ",宋代,唐多令·惜别,吴文英
"
珠帘寂寂。愁背银缸泣。记得少年初选入。三十六宫第一。 ",宋代,清平乐·宫怨,黄升
"
渺空烟四远，是何年、青天坠长星？幻苍崖云树，名娃金屋，残霸宫城。箭径酸风射眼，腻水染花腥。时靸双鸳响，廊叶秋声。",宋代,八声甘州·灵岩陪庾幕诸公游,吴文英
"
听风听雨过清明。愁草瘗花铭。楼前绿暗分携路，一丝柳、一寸柔情。料峭春寒中酒，交加晓梦啼莺。 ",宋代,风入松·听风听雨过清明,吴文英
"
门隔花深梦旧游。夕阳无语燕归愁。玉纤香动小帘钩。 ",宋代,浣溪沙·门隔花深梦旧游,吴文英
"
花深深。柳阴阴。度柳穿花觅信音。君心负妾心。 ",宋代,长相思·花深深,陈东甫
"
",宋代,莺啼序·春晚感怀,吴文英
"
秋雨一何碧，山色倚晴空。江南江北愁思，分付酒螺红。芦叶蓬舟千重，菰菜莼羹一梦，无语寄归鸿。醉眼渺河洛，遗恨夕阳中。 ",宋代,水调歌头·平山堂用东坡韵,方岳
"
近清明。翠禽枝上消魂。可惜一片清歌，都付与黄昏。欲共柳花低诉，怕柳花轻薄，不解伤春。念楚乡旅宿，柔情别绪，谁与温存。 ",宋代,湘春夜月·近清明,黄孝迈
"
年年社日停针线。怎忍见、双飞燕。今日江城春已半。一身犹在，乱山深处，寂寞溪桥畔。",宋代,青玉案·年年社日停针线,黄公绍
"
花过雨。又是一番红素。燕子归来愁不语。旧巢无觅处。 ",宋代,谒金门·花过雨,李好古
"
壶山居士，未老心先懒。爱学道人家，办竹几、蒲团茗碗。青山可买，小结屋三间，开一径，俯清溪，修竹栽教满。 客来便请，随分家常饭。若肯小留连，更薄酒，三杯两盏，吟诗度曲，风月任招呼。身外事，不关心，自有天公管。
",宋代,蓦山溪·自述,宋自逊
"
家园十亩屋头边。正春妍，酿花天。杨柳多情，拂拂带轻烟。别馆闲亭随分有，时策杖，小盘旋。 ",宋代,江城子·示表侄刘国华,吴潜
"
红玉阶前，问何事、翩然引去。湖海上、一汀鸥鹭，半帆烟雨。报国无门空自怨，济时有策从谁吐。过垂虹亭下系扁舟，鲈堪煮。 ",宋代,满江红·送李御带珙,吴潜
"
少年听雨歌楼上。红烛昏罗帐。壮年听雨客舟中。江阔云低、断雁叫西风。 ",宋代,虞美人·听雨,蒋捷
"
一片春愁待酒浇。江上舟摇，楼上帘招。秋娘渡与泰娘桥，风又飘飘，雨又萧萧。（渡 一作：度。桥 一作：娇）",宋代,一剪梅·舟过吴江,蒋捷
"
片片蝶衣轻，点点猩红小。道是天公不惜花，百种千般巧。 ",宋代,卜算子·片片蝶衣轻,刘克庄
"
湛湛长空黑。更那堪、斜风细雨，乱愁如织。老眼平生空四海，赖有高楼百尺。看浩荡、千崖秋色。白发书生神州泪，尽凄凉、不向牛山滴。追往事，去无迹。 ",宋代,贺新郎·九日,刘克庄
"
寒相催。暖相催。催了开时催谢时。丁宁花放迟。 ",宋代,长相思·惜梅,刘克庄
"
春风只在园西畔。荠菜花繁胡蝶乱。冰池晴绿照还空，香径落红吹已断。 ",宋代,玉楼春·春思,严仁
"
北望神州路。试平章、这场公事，怎生分付。记得太行山百万，曾入宗爷驾驭。今把作、握蛇骑虎。君去京东豪杰喜，想投戈、下拜真吾父。谈笑里，定齐鲁。 ",宋代,贺新郎·送陈真州子华,刘克庄
"
年年跃马长安市。客舍似家家似寄。青钱换酒日无何，红烛呼卢宵不寐。 ",宋代,玉楼春·戏林推,刘克庄
"
寒江夜宿。长啸江之曲。水底鱼龙惊动，风卷地、浪翻屋。 ",宋代,霜天晓角·仪真江上夜泊,黄机
"
一卷阴符，二石硬弓，百斤宝刀。更玉花骢喷，鸣鞭电抹，乌丝阑展，醉墨龙跳。牛角书生，虬髯豪客，谈笑皆堪折简招。依稀记，曾请缨系粤，草檄征辽。 ",宋代,沁园春·答九华叶贤良,刘克庄
"
莫上玉楼看。花雨斑斑。四垂罗幕护朝寒。燕子不知人去也，飞认阑干。 ",宋代,浪淘沙·莫上玉楼看,韩疁
"
春讯飞琼管。风日薄、度墙啼鸟声乱。江城次第，笙歌翠合，绮罗香暖。溶溶涧渌冰泮。醉梦里、年华暗换。料黛眉重锁隋堤，芳心还动梁苑。 ",宋代,宴清都·初春,卢祖皋
"
画楼帘幕卷新晴。掩银屏。晓寒轻。坠粉飘香，日日唤愁生。暗数十年湖上路，能几度，著娉婷。 ",宋代,江城子·画楼帘暮卷新晴,卢祖皋
"
一春长费买花钱，日日醉湖边。玉骢惯识西湖路，骄嘶过、沽酒楼前。红杏香中箫鼓，绿杨影里秋千。",宋代,风入松·一春长费买花钱,俞国宝
"
做冷欺花，将烟困柳，千里偷催春暮。尽日冥迷，愁里欲飞还住。惊粉重、蝶宿西园，喜泥润、燕归南浦。最妨它、佳约风流，钿车不到杜陵路。 ",宋代,绮罗香·咏春雨,史达祖
"
过春社了，度帘幕中间，去年尘冷。差池欲住，试入旧巢相并。还相雕梁藻井。又软语、商量不定。飘然快拂花梢，翠尾分开红影。 ",宋代,双双燕·咏燕,史达祖
"
莎衫筠笠。正是村村农务急。绿水千畦。惭愧秧针出得齐。 ",宋代,减字木兰花·莎衫筠笠,卢炳
"
袖剑飞吟。洞庭青草，秋水深深。万顷波光，岳阳楼上，一快披襟。 ",宋代,柳梢青·岳阳楼,戴复古
"
",宋代,疏影·苔枝缀玉,姜夔
"
",宋代,暗香·旧时月色,姜夔
"
",宋代,齐天乐·蟋蟀,姜夔
"
",宋代,念奴娇·闹红一舸,姜夔
"
",宋代,长亭怨慢·渐吹尽,姜夔
"
京洛风流绝代人。因何风絮落溪津。笼鞋浅出鸦头袜，知是凌波缥缈身。 ",宋代,鹧鸪天·己酉之秋苕溪记所见,姜夔
"
",宋代,踏莎行·自沔东来丁未元日至金陵江上感梦而作,姜夔
"
",宋代,扬州慢·淮左名都,姜夔
"
燕雁无心，太湖西畔随云去。数峰清苦。商略黄昏雨。 ",宋代,点绛唇·丁未冬过吴松作,姜夔
"
堂上谋臣尊俎，边头将士干戈。天时地利与人和。燕可伐欤曰可。 ",宋代,西江月·堂上谋臣尊俎,刘过
"
千古江山，英雄无觅，孙仲谋处。舞榭歌台，风流总被，雨打风吹去。斜阳草树，寻常巷陌，人道寄奴曾住。想当年，金戈铁马，气吞万里如虎。",宋代,永遇乐·京口北固亭怀古,辛弃疾
"
",宋代,唐多令·芦叶满汀洲,刘过
"
闹花深处层楼，画帘半卷东风软。春归翠陌，平莎茸嫩，垂杨金浅。迟日催花，淡云阁雨，轻寒轻暖。恨芳菲世界，游人未赏，都付与、莺和燕。 ",宋代,水龙吟·春恨,陈亮
"
不见南师久，漫说北群空。当场只手，毕竟还我万夫雄。自笑堂堂汉使，得似洋洋河水，依旧只流东？且复穹庐拜，会向藁街逢！",宋代,水调歌头·送章德茂大卿使虏,陈亮
"
见也如何暮。别也如何遽。别也应难见也难，后会难凭据。 ",宋代,卜算子·见也如何暮,石孝友
"
醉里且贪欢笑，要愁那得工夫。",宋代,西江月·遣兴,辛弃疾
"
何处望神州？满眼风光北固楼。千古兴亡多少事？悠悠。不尽长江滚滚流。",宋代,南乡子·登京口北固亭有怀,辛弃疾
"
壮岁旌旗拥万夫，锦襜突骑渡江初。燕兵夜娖银胡觮，汉箭朝飞金仆姑。",宋代,鹧鸪天·有客慨然谈功名因追念少年时事戏作,辛弃疾
"
醉里挑灯看剑，梦回吹角连营。八百里分麾下炙，五十弦翻塞外声。沙场秋点兵。",宋代,破阵子·为陈同甫赋壮词以寄之,辛弃疾
"
一轮秋影转金波，飞镜又重磨。把酒问姮娥：被白发、欺人奈何？",宋代,太常引·建康中秋夜为吕叔潜赋 / 太常引·一轮秋影转金波,辛弃疾
"
举头西北浮云，倚天万里须长剑。人言此地，夜深长见，斗牛光焰。我觉山高，潭空水冷，月明星淡。待燃犀下看，凭栏却怕，风雷怒，鱼龙惨。",宋代,水龙吟·过南剑双溪楼,辛弃疾
"
",宋代,贺新郎·甚矣吾衰矣,辛弃疾
"
别茂嘉十二弟。鹈鴂、杜鹃实两种，见《离骚补注》",宋代,贺新郎·别茂嘉十二弟,辛弃疾
"
绕床饥鼠，蝙蝠翻灯舞。屋上松风听急雨，破纸窗间自语。",宋代,清平乐·独宿博山王氏庵,辛弃疾
"
",宋代,清平乐·村居,辛弃疾
"
少年不识愁滋味，爱上层楼。爱上层楼。为赋新词强说愁。 ",宋代,丑奴儿·书博山道中壁,辛弃疾
"
楚天千里无云，露华洗出秋容净。银蟾台榭，玉壶天地，参差桂影。鸳瓦寒生，画檐光射，碧梧金井。听韶华半夜，江梅三弄，风袅袅、良宵永。 ",宋代,水龙吟·楚天千里无云,曾觌
"
东风夜放花千树。更吹落、星如雨。宝马雕车香满路。凤箫声动，玉壶光转，一夜鱼龙舞。 ",宋代,青玉案·元夕,辛弃疾
"
郁孤台下清江水，中间多少行人泪。西北望长安，可怜无数山。",宋代,菩萨蛮·书江西造口壁,辛弃疾
"
",宋代,摸鱼儿·更能消几番风雨,辛弃疾
"
过尽征鸿来尽燕，故园消息茫然。一春憔悴有谁怜。怀家寒食夜，中酒落花天。",宋代,临江仙·暮春,赵长卿
"
满载一船秋色，平铺十里湖光。波神留我看斜阳，放起鳞鳞细浪。",宋代,西江月·阻风山峰下,张孝祥
"
问讯湖边春色，重来又是三年。东风吹我过湖船，杨柳丝丝拂面。",宋代,西江月·问讯湖边春色,张孝祥
"
洞庭青草，近中秋，更无一点风色。玉界琼田三万顷，着我扁舟一叶。素月分辉，明河共影，表里俱澄澈。悠然心会，妙处难与君说。(著 同：着；玉界 一作：玉鉴)",宋代,念奴娇·过洞庭,张孝祥
"
雪洗虏尘静，风约楚云留。何人为写悲壮，吹角古城楼。湖海平生豪气，关塞如今风景，剪烛看吴钩。剩喜燃犀处，骇浪与天浮。",宋代,水调歌头·和庞佑父,张孝祥
"
长淮望断，关塞莽然平。征尘暗，霜风劲，悄边声。黯销凝。追想当年事，殆天数，非人力，洙泗上，弦歌地，亦膻腥。隔水毡乡，落日牛羊下，区脱纵横。看名王宵猎，骑火一川明。笳鼓悲鸣。遣人惊。 ",宋代,六州歌头·长淮望断,张孝祥
"
不是爱风尘，似被前缘误。花落花开自有时，总赖东君主。",宋代,卜算子·不是爱风尘,严蕊
"
独自上层楼，楼外青山远。望以斜阳欲尽时，不见西飞雁。 ",宋代,卜算子·独自上层楼,程垓
"
月未到诚斋，先到万花川谷。不是诚斋无月，隔一林修竹。 ",宋代,好事近·七月十三日夜登万花川谷望月作,杨万里
"
",宋代,昭君怨·赋松上鸥,杨万里
"
华灯纵博，雕鞍驰射，谁记当年豪举。酒徒一半取封侯，独去作、江边渔父。",宋代,鹊桥仙·华灯纵博,陆游
"
世情薄，人情恶，雨送黄昏花易落。晓风干，泪痕残。欲笺心事，独语斜阑。难，难，难！",宋代,钗头凤·世情薄,唐婉
"
当年万里觅封侯，匹马戍梁州。关河梦断何处？尘暗旧貂裘。",宋代,诉衷情·当年万里觅封侯,陆游
"
秋到边城角声哀，烽火照高台。悲歌击筑，凭高酹酒，此兴悠哉。",宋代,秋波媚·七月十六日晚登高兴亭望长安南山,陆游
"
雪晓清笳乱起。梦游处、不知何地。铁骑无声望似水。想关河，雁门西，青海际。",宋代,夜游宫·记梦寄师伯浑,陆游
"
驿外断桥边，寂寞开无主。已是黄昏独自愁，更著风和雨。 ",宋代,卜算子·咏梅,陆游
"
秋入云山，物情潇洒。百般景物堪图画。丹枫万叶碧云边，黄花千点幽岩下。 ",宋代,踏莎行·秋入云山,张抡
"
红酥手，黄縢酒，满城春色宫墙柳。东风恶，欢情薄。一怀愁绪，几年离索。错、错、错。",宋代,钗头凤·红酥手,陆游
"
郊原初过雨。见败叶零乱，风定犹舞。斜阳挂深树。映浓愁浅黛，遥山眉妩。来时旧路。尚岩花、娇黄半吐。到而今，唯有溪边流水，见人如故。 ",宋代,瑞鹤仙·郊原初过雨,袁去华
"
楼外垂杨千万缕。欲系青春，少住春还去。犹自风前飘柳絮。随春且看归何处。 ",宋代,蝶恋花·送春,朱淑真
"
倚天绝壁。直下江千尺。天际两蛾凝黛，愁与恨、几时极。 ",宋代,霜天晓角·题采石蛾眉亭,韩元吉
"
一点残红欲尽时。乍凉秋气满屏帏。梧桐叶上三更雨，叶叶声声是别离。 ",宋代,鹧鸪天·一点残红欲尽时,周紫芝
"
春已半。触目此情无限。十二阑干闲倚遍。愁来天不管。 ",宋代,谒金门·春半,朱淑真
"
昨夜寒蛩不住鸣。惊回千里梦，已三更。起来独自绕阶行。人悄悄，帘外月胧明。",宋代,小重山·昨夜寒蛩不住鸣,岳飞
"
迟迟春日弄轻柔，花径暗香流。清明过了，不堪回首，云锁朱楼。",宋代,眼儿媚·迟迟春日弄轻柔,朱淑真
"
",宋代,满江红·写怀,岳飞
"
兀术每遇对阵之际，吹此则鏖战无还期也",宋代,饮马歌·边头春未到,曹勋
"
茅舍疏篱。半飘残雪，斜卧低枝。可更相宜，烟笼修竹，月在寒溪。 ",宋代,柳梢青·茅舍疏篱,杨无咎
"
梦绕神州路。怅秋风、连营画角，故宫离黍。底事昆仑倾砥柱，九地黄流乱注。聚万落千村狐兔。天意从来高难问，况人情老易悲难诉。更南浦，送君去。",宋代,贺新郎·送胡邦衡待制赴新州,张元干
"
曳杖危楼去。斗垂天、沧波万顷，月流烟渚。扫尽浮云风不定，未放扁舟夜渡。宿雁落、寒芦深处。怅望关河空吊影，正人间、鼻息鸣鼍鼓。谁伴我，醉中舞。 ",宋代,贺新郎·寄李伯纪丞相,张元干
"
忆昔午桥桥上饮，坐中多是豪英。长沟流月去无声。杏花疏影里，吹笛到天明。 ",宋代,临江仙·夜登小阁忆洛中旧游,陈与义
"
萋萋芳草忆王孙。柳外楼高空断魂。杜宇声声不忍闻。欲黄昏。雨打梨花深闭门。 ",宋代,忆王孙·春词,李重元
"
天。休使圆蟾照客眠。人何在，桂影自婵娟。
",宋代,苍梧谣·天,蔡伸
"
与君别。相思一夜梅花发。梅花发。凄凉南浦，断桥斜月。 ",宋代,忆秦娥·与君别,房舜卿
"
芳菲歇。故园目断伤心切。伤心切。无边烟水，无穷山色。 ",宋代,秦楼月·芳菲歇,向子諲
"
恨君不似江楼月，南北东西，南北东西，只有相随无别离。",宋代,采桑子·恨君不似江楼月,吕本中
"
春涨一篙添水面。芳草鹅儿，绿满微风岸。画舫夷犹湾百转。横塘塔近依前远。 ",宋代,蝶恋花·春涨一篙添水面,范成大
"
",宋代,声声慢·寻寻觅觅,李清照
"
落日熔金，暮云合璧，人在何处。染柳烟浓，吹梅笛怨，春意知几许。元宵佳节，融和天气，次第岂无风雨。来相召、香车宝马，谢他酒朋诗侣。(熔金 一作：镕金)",宋代,永遇乐·落日熔金,李清照
"
蹴罢秋千，起来慵整纤纤手。露浓花瘦，薄汗轻衣透。",宋代,点绛唇·蹴罢秋千,李清照
"
风住尘香花已尽，日晚倦梳头。物是人非事事休，欲语泪先流。",宋代,武陵春·春晚,李清照
"
薄雾浓云愁永昼，瑞脑消金兽。佳节又重阳，玉枕纱橱，半夜凉初透。(橱 通：厨)",宋代,醉花阴·薄雾浓云愁永昼,李清照
"
寒日萧萧上琐窗，梧桐应恨夜来霜。酒阑更喜团茶苦，梦断偏宜瑞脑香。",宋代,鹧鸪天·寒日萧萧上琐窗,李清照
"
暖雨晴风初破冻，柳眼梅腮，已觉春心动。酒意诗情谁与共？泪融残粉花钿重。",宋代,蝶恋花·暖雨晴风初破冻,李清照
"
",宋代,凤凰台上忆吹箫·香冷金猊,李清照
"
年年雪里，常插梅花醉。挼尽梅花无好意，赢得满衣清泪。",宋代,清平乐·年年雪里,李清照
"
昨夜雨疏风骤，浓睡不消残酒。试问卷帘人，却道海棠依旧。知否，知否？应是绿肥红瘦。
",宋代,如梦令·昨夜雨疏风骤,李清照
"
常记溪亭日暮，沉醉不知归路。",宋代,如梦令·常记溪亭日暮,李清照
"
红藕香残玉簟秋。轻解罗裳，独上兰舟。云中谁寄锦书来，雁字回时，月满西楼。",宋代,一剪梅·红藕香残玉簟秋,李清照
"
天上星河转，人间帘幕垂。凉生枕簟泪痕滋。起解罗衣聊问、夜何其。",宋代,南歌子·天上星河转,李清照
"
金陵城上西楼，倚清秋。万里夕阳垂地，大江流。",宋代,相见欢·金陵城上西楼,朱敦儒
"
天接云涛连晓雾，星河欲转千帆舞。仿佛梦魂归帝所。闻天语，殷勤问我归何处。",宋代,渔家傲·天接云涛连晓雾,李清照
"
",宋代,燕山亭·北行见杏花,赵佶
"
",宋代,南柯子·山冥云阴重,王炎
"
朝云横度。辘辘车声如水去。白草黄沙。月照孤村三两家。",宋代,减字木兰花·题雄州驿,蒋氏女
"
",宋代,鹧鸪天·西都作,朱敦儒
"
洗妆真态，不作铅花御。竹外一枝斜，想佳人，天寒日暮。黄昏院落，无处著清香，风细细，雪垂垂，何况江头路。",宋代,蓦山溪·梅,曹组
"
秋色渐将晚，霜信报黄花。小窗低户深映，微路绕欹斜。为问山翁何事，坐看流年轻度，拚却鬓双华。徙倚望沧海，天净水明霞。 ",宋代,水调歌头·秋色渐将晚,叶梦得
"
杏花村馆酒旗风。水溶溶。扬残红。野渡舟横，杨柳绿阴浓。望断江南山色远，人不见，草连空。 ",宋代,江神子·杏花村馆酒旗风,谢逸
"
摇首出红尘，醒醉更无时节。活计绿蓑青笠，惯披霜冲雪。 ",宋代,好事近·摇首出红尘,朱敦儒
"
见梨花初带夜月，海棠半含朝雨。内苑春、不禁过青门，御沟涨、潜通南浦。东风静、细柳垂金缕。望凤阙、非烟非雾。好时代、朝野多欢，遍九陌、太平箫鼓。 ",宋代,三台·清明应制,万俟咏
"
新月娟娟，夜寒江静山衔斗。起来搔首，梅影横窗瘦。",宋代,点绛唇·新月娟娟,汪藻
"
月皎惊乌栖不定，更漏将残，辘轳牵金井。唤起两眸清炯炯。泪花落枕红绵冷。",宋代,蝶恋花·早行,周邦彦
"
缥缈危亭，笑谈独在千峰上。与谁同赏。万里横烟浪。 ",宋代,点绛唇·绍兴乙卯登绝顶小亭,叶梦得
"
泪湿阑干花著露。愁到眉峰碧聚。此恨平分取。更无言语。空相觑。 ",宋代,惜分飞·泪湿阑干花著露,毛滂
"
桃溪不作从容住，秋藕绝来无续处。当时相候赤阑桥，今日独寻黄叶路。",宋代,玉楼春·桃溪不作从容住,周邦彦
"
柳阴直。烟里丝丝弄碧。隋堤上、曾见几番，拂水飘绵送行色。登临望故国。谁识。京华倦客。长亭路，年去岁来，应折柔条过千尺。 ",宋代,兰陵王·柳,周邦彦
"
叶下斜阳照水。卷轻浪、沈沈千里。桥上酸风射眸子。立多时，看黄昏，灯火市。",宋代,夜游宫·叶下斜阳照水,周邦彦
"
疏篱曲径田家小。云树开清晓。天寒山色有无中。野外一声钟起、送孤蓬。 ",宋代,虞美人·疏篱曲径田家小,周邦彦
"
佳丽地。南朝盛事谁记。山围故国绕清江，髻鬓对起。怒涛寂寞打孤城，风樯遥度天际。 ",宋代,西河·大石金陵,周邦彦
"
正单衣试酒，恨客里、光阴虚掷。愿春暂留，春归如过翼。一去无迹。为问花何在，夜来风雨，葬楚宫倾国。钗钿堕处遗香泽。乱点桃蹊，轻翻柳陌。多情为谁追惜。但蜂媒蝶使，时叩窗隔。 ",宋代,六丑·落花,周邦彦
"
燎沉香，消溽暑。鸟雀呼晴，侵晓窥檐语。叶上初阳干宿雨、水面清圆，一一风荷举。",宋代,苏幕遮·燎沉香,周邦彦
"
风老莺雏，雨肥梅子，午阴嘉树清圆。地卑山近，衣润费炉烟。人静乌鸢自乐，小桥外、新绿溅溅。凭阑久，黄芦苦竹，拟泛九江船。",宋代,满庭芳·夏日溧水无想山作,周邦彦
"
风消绛蜡，露浥红莲，灯市光相射。桂华流瓦。纤云散，耿耿素娥欲下。衣裳淡雅。看楚女纤腰一把。箫鼓喧，人影参差，满路飘香麝。",宋代,解语花·上元,周邦彦
"
并刀如水，吴盐胜雪，纤手破新橙。锦幄初温，兽烟不断，相对坐调笙。 ",宋代,少年游·并刀如水,周邦彦
"
章台路。还见褪粉梅梢，试花桃树。愔愔坊陌人家，定巢燕子，归来旧处。 ",宋代,瑞龙吟·大石春景,周邦彦
"
未遇行藏谁肯信，如今方表名踪。无端良匠画形容。当风轻借力，一举入高空。 ",宋代,临江仙·未遇行藏谁肯信,侯蒙
"
帘幕疏疏风透。一线香飘金兽。朱阑倚遍黄昏后。廊上月华如昼。 ",宋代,秋蕊香·帘幕疏疏风透,张耒
"
开时似雪。谢时似雪。花中奇绝。香非在蕊，香非在萼，骨中香彻。 ",宋代,盐角儿·亳社观梅,晁补之
"
买陂塘、旋栽杨柳，依稀淮岸江浦。东皋嘉雨新痕涨，沙觜鹭来鸥聚。堪爱处最好是、一川夜月光流渚。无人独舞。任翠幄张天，柔茵藉地，酒尽未能去。 ",宋代,摸鱼儿·东皋寓居,晁补之
"
清波门外拥轻衣。杨花相送飞。西湖又还春晚，水树乱莺啼。闲院宇，小帘帏。晚初归。钟声已过，篆香才点，月到门时。
",宋代,诉衷情·宝月山作,仲殊
"
十里青山远，潮平路带沙。数声啼鸟怨年华。又是凄凉时候，在天涯。",宋代,南柯子·十里青山远,仲殊
"
紫府东风放夜时。步莲秾李伴人归。五更钟动笙歌散，十里月明灯火稀。 ",宋代,思越人·紫府东风放夜时,贺铸
"
薄雨初寒，斜照弄晴，春意空阔。长亭柳色才黄，远客一枝先折。烟横水际，映带几点归鸦，东风销尽龙沙雪。还记出关来，恰而今时节。 ",宋代,石州引·薄雨初寒,贺铸
"
重过阊门万事非。同来何事不同归。梧桐半死清霜后，头白鸳鸯失伴飞。 ",宋代,半死桐·重过阊门万事非,贺铸
"
少年侠气，交结五都雄。肝胆洞。毛发耸。立谈中。死生同。一诺千金重。推翘勇。矜豪纵。轻盖拥。联飞鞚。斗城东。轰饮酒垆，春色浮寒瓮。吸海垂虹。闲呼鹰嗾犬，白羽摘雕弓。狡穴俄空。乐匆匆。 ",宋代,六州歌头·少年侠气,贺铸
"
",宋代,青玉案·凌波不过横塘路,贺铸
"
砧面莹，杵声齐。捣就征衣泪墨题。寄到玉关应万里，戍人犹在玉关西。
",宋代,杵声齐·砧面莹,贺铸
"
树绕村庄，水满陂塘。倚东风、豪兴徜徉。小园几许，收尽春光。有桃花红，李花白，菜花黄。",宋代,行香子·树绕村庄,秦观
"
雾失楼台，月迷津渡。桃源望断无寻处。可堪孤馆闭春寒，杜鹃声里斜阳暮。 ",宋代,踏莎行·郴州旅舍,秦观
"
漠漠轻寒上小楼，晓阴无赖似穷秋。淡烟流水画屏幽。",宋代,浣溪沙·漠漠轻寒上小楼,秦观
"
杨柳回塘，鸳鸯别浦。绿萍涨断莲舟路。断无蜂蝶慕幽香，红衣脱尽芳心苦。 ",宋代,芳心苦·杨柳回塘,贺铸
"
水边沙外。城郭春寒退。花影乱，莺声碎。飘零疏酒盏，离别宽衣带。人不见，碧云暮合空相对。 ",宋代,千秋岁·水边沙外,秦观
"
纤云弄巧，飞星传恨，银汉迢迢暗度。金风玉露一相逢，便胜却人间无数。(度 通：渡)",宋代,鹊桥仙·纤云弄巧,秦观
"
山抹微云，天连衰草，画角声断谯门。暂停征棹，聊共引离尊。多少蓬莱旧事，空回首、烟霭纷纷。斜阳外，寒鸦万点，流水绕孤村。(万点 一作：数点)",宋代,满庭芳·山抹微云,秦观
"
梅英疏淡，冰澌溶泄，东风暗换年华。金谷俊游，铜驼巷陌，新晴细履平沙。长记误随车。正絮翻蝶舞，芳思交加。柳下桃蹊，乱分春色到人家。",宋代,望海潮·洛阳怀古,秦观
"
西城杨柳弄春柔，动离忧，泪难收。犹记多情、曾为系归舟。碧野朱桥当日事，人不见，水空流。",宋代,江城子·西城杨柳弄春柔,秦观
"
小雨纤纤风细细，万家杨柳青烟里。恋树湿花飞不起，愁无比，和春付与东流水。",宋代,渔家傲·小雨纤纤风细细,朱服
"
一年春物，惟梅柳间意味最深。至莺花烂漫时，则春已衰迟，使人无复新意。予作《洞仙歌》，使探春者歌之，无后时之悔。",宋代,洞仙歌·雪云散尽,李元膺
"
倚危亭。恨如芳草，萋萋刬尽还生。念柳外青骢别后，水边红袂分时，怆然暗惊。",宋代,八六子·倚危亭,秦观
"
胡马嘶风，汉旗翻雪，彤云又吐，一竿残照。古木连空，乱山无数，行尽暮沙衰草。星斗横幽馆，夜无眠、灯花空老。雾浓香鸭，冰凝泪烛，霜天难晓。 ",宋代,青门饮·寄宠人,时彦
"
黄菊枝头生晓寒。人生莫放酒杯干。风前横笛斜吹雨，醉里簪花倒著冠。 ",宋代,鹧鸪天·座中有眉山隐客史应之和前韵即席答之,黄庭坚
"
春归何处。寂寞无行路。若有人知春去处。唤取归来同住。 ",宋代,清平乐·春归何处,黄庭坚
"
瑶草一何碧，春入武陵溪。溪上桃花无数，枝上有黄鹂。我欲穿花寻路，直入白云深处，浩气展虹霓。只恐花深里，红露湿人衣。",宋代,水调歌头·游览,黄庭坚
"
红旗高举。飞出深深杨柳渚。鼓击春雷。直破烟波远远回。欢声震地。惊退万人争战气。金碧楼西。衔得锦标第一归。
",宋代,减字木兰花·竞渡,黄裳
"
我住长江头，君住长江尾。日日思君不见君，共饮长江水。 ",宋代,卜算子·我住长江头,李之仪
"
",宋代,念奴娇·断虹霁雨,黄庭坚
"
",宋代,浣溪沙·游蕲水清泉寺,苏轼
"
",宋代,永遇乐·彭城夜宿燕子楼,苏轼
"
",宋代,浣溪沙·簌簌衣巾落枣花,苏轼
"
杨柳丝丝弄轻柔，烟缕织成愁。海棠未雨，梨花先雪，一半春休。",宋代,眼儿媚·杨柳丝丝弄轻柔,王雱
"
十年生死两茫茫，不思量，自难忘。千里孤坟，无处话凄凉。纵使相逢应不识，尘满面，鬓如霜。",宋代,江城子·乙卯正月二十日夜记梦,苏轼
"
花褪残红青杏小。燕子飞时，绿水人家绕。枝上柳绵吹又少。天涯何处无芳草！",宋代,蝶恋花·春景,苏轼
"
",宋代,定风波·莫听穿林打叶声,苏轼
"
",宋代,江城子·密州出猎,苏轼
"
缺月挂疏桐，漏断人初静。时见幽人独往来，缥缈孤鸿影。(时见 一作：谁见)",宋代,卜算子·黄州定慧院寓居作,苏轼
"
夜饮东坡醒复醉，归来仿佛三更。家童鼻息已雷鸣。敲门都不应，倚杖听江声。 ",宋代,临江仙·夜饮东坡醒复醉,苏轼
"
",宋代,西江月·顷在黄州,苏轼
"
",宋代,西江月·世事一场大梦,苏轼
"
",宋代,水调歌头·明月几时有,苏轼
"
似花还似非花，也无人惜从教坠。抛家傍路，思量却是，无情有思。萦损柔肠，困酣娇眼，欲开还闭。梦随风万里，寻郎去处，又还被、莺呼起。",宋代,水龙吟·次韵章质夫杨花词,苏轼
"
大江东去，浪淘尽，千古风流人物。",宋代,念奴娇·赤壁怀古,苏轼
"
常羡人间琢玉郎，天应乞与点酥娘。尽道清歌传皓齿，风起，雪飞炎海变清凉。",宋代,定风波·南海归赠王定国侍人寓娘,苏轼
"
木叶下君山。空水漫漫。十分斟酒敛芳颜。不是渭城西去客，休唱阳关。",宋代,卖花声·题岳阳楼,张舜民
"
小令尊前见玉箫。银灯一曲太妖娆。歌中醉倒谁能恨，唱罢归来酒未消。 ",宋代,鹧鸪天·小令尊前见玉箫,晏几道
"
彩袖殷勤捧玉钟，当年拚却醉颜红。舞低杨柳楼心月，歌尽桃花扇底风。",宋代,鹧鸪天·彩袖殷勤捧玉钟,晏几道
"
旧香残粉似当初。人情恨不如。一春犹有数行书。秋来书更疏。 ",宋代,阮郎归·旧香残粉似当初,晏几道
"
留人不住。醉解兰舟去。一棹碧涛春水路。过尽晓莺啼处。 ",宋代,清平乐·留人不住,晏几道
"
梦后楼台高锁，酒醒帘幕低垂。去年春恨却来时。落花人独立，微雨燕双飞。 ",宋代,临江仙·梦后楼台高锁,晏几道
"
醉别西楼醒不记。春梦秋云，聚散真容易。斜月半窗还少睡。画屏闲展吴山翠。 ",宋代,蝶恋花·醉别西楼醒不记,晏几道
"
水是眼波横，山是眉峰聚。欲问行人去那边？眉眼盈盈处。",宋代,卜算子·送鲍浩然之浙东,王观
"
伊吕两衰翁。历遍穷通。一为钓叟一耕佣。若使当时身不遇，老了英雄。 ",宋代,浪淘沙令·伊吕两衰翁,王安石
"
平岸小桥千嶂抱。柔蓝一水萦花草。茅屋数间窗窈窕。尘不到。时时自有春风扫。",宋代,渔家傲·平岸小桥千嶂抱,王安石
"
",宋代,桂枝香·金陵怀古,王安石
"
留春不住，费尽莺儿语。满地残红宫锦污，昨夜南园风雨。",宋代,清平乐·春晚,王安国
"
锁离愁，连绵无际，来时陌上初熏。绣帏人念远，暗垂珠泪，泣送征轮。长亭长在眼，更重重、远水孤云。但望极楼高，尽日目断王孙。 ",宋代,凤箫吟·锁离愁,韩缜
"
把酒祝东风，且共从容。垂杨紫陌洛城东。总是当时携手处，游遍芳丛。",宋代,浪淘沙·把酒祝东风,欧阳修
"
近日门前溪水涨。郎船几度偷相访。船小难开红斗帐。无计向。合欢影里空惆怅。",宋代,渔家傲·近日门前溪水涨,欧阳修
"
花底忽闻敲两桨。逡巡女伴来寻访。酒盏旋将荷叶当。莲舟荡。时时盏里生红浪。",宋代,渔家傲·花底忽闻敲两桨,欧阳修
"
清晨帘幕卷轻霜。呵手试梅妆。都缘自有离恨，故画作远山长。",宋代,诉衷情·眉意,欧阳修
"
庭院深深深几许，杨柳堆烟，帘幕无重数。玉勒雕鞍游冶处，楼高不见章台路。",宋代,蝶恋花·庭院深深深几许,欧阳修
"
去年元夜时，花市灯如昼。",生查子·元夕,宋代
"
候馆梅残，溪桥柳细。草薰风暖摇征辔。离愁渐远渐无穷，迢迢不断如春水。 ",宋代,踏莎行·候馆梅残,欧阳修
"
满斟绿醑留君住。莫匆匆归去。三分春色二分愁，更一分风雨。",宋代,贺圣朝·留别,叶清臣
"
东城渐觉风光好。縠皱波纹迎客棹。绿杨烟外晓寒轻，红杏枝头春意闹。",宋代,玉楼春·春景,宋祁
"
一带江山如画，风物向秋潇洒。水浸碧天何处断？霁色冷光相射。蓼屿荻花洲，掩映竹篱茅舍。",宋代,离亭燕·一带江山如画,张昪
"
燕子来时新社，梨花落后清明。池上碧苔三四点，叶底黄鹂一两声。日长飞絮轻。",宋代,破阵子·春景,晏殊
"
家住西秦。赌博艺随身。花柳上、斗尖新。偶学念奴声调，有时高遏行云。蜀锦缠头无数，不负辛勤。 ",宋代,山亭柳·赠歌者,晏殊
"
红笺小字。说尽平生意。鸿雁在云鱼在水。惆怅此情难寄。 ",宋代,清平乐·红笺小字,晏殊
"
一向年光有限身，等闲离别易销魂，酒筵歌席莫辞频。",宋代,浣溪沙·一向年光有限身,晏殊
"
一曲新词酒一杯，去年天气旧亭台。夕阳西下几时回？",宋代,浣溪沙·一曲新词酒一杯,晏殊
"
",宋代,蝶恋花·槛菊愁烟兰泣露,晏殊
"
双蝶绣罗裙。东池宴。初相见。朱粉不深匀。闲花淡淡春。 ",宋代,醉垂鞭·双蝶绣罗裙,张先
"
乍暖还轻冷。风雨晚来方定。庭轩寂寞近清明，残花中酒，又是去年病。 ",宋代,青门引·春思,张先
"
数声鶗鴂。又报芳菲歇。惜春更把残红折。雨轻风色暴，梅子青时节。永丰柳，无人尽日花飞雪。",宋代,千秋岁·数声鶗鴂,张先
"
水调数声持酒听，午醉醒来愁未醒。送春春去几时回？临晚镜，伤流景，往事后期空记省。",宋代,天仙子·水调数声持酒听,张先
"
",宋代,鹤冲天·黄金榜上,柳永
"
远岸收残雨。雨残稍觉江天暮。拾翠汀洲人寂静，立双双鸥鹭。望几点、渔灯隐映蒹葭浦。停画桡、两两舟人语。道去程今夜，遥指前村烟树。",宋代,安公子·远岸收残雨,柳永
"
寒蝉凄切，对长亭晚，骤雨初歇。都门帐饮无绪，留恋处，兰舟催发。执手相看泪眼，竟无语凝噎。念去去，千里烟波，暮霭沉沉楚天阔。",宋代,雨霖铃·寒蝉凄切,柳永
"
",宋代,八声甘州·对潇潇暮雨洒江天,柳永
"
才过笄年，初绾云鬟，便学歌舞。席上尊前，王孙随分相许。算等闲、酬一笑，便千金慵觑。常只恐、容易蕣华偷换，光阴虚度。 ",宋代,迷仙引·才过笄年,柳永
"
",宋代,望海潮·东南形胜,柳永
"
自春来、惨绿愁红，芳心是事可可。日上花梢，莺穿柳带，犹压香衾卧。暖酥消、腻云亸，终日厌厌倦梳裹。无那。恨薄情一去，音书无个。",宋代,定风波·自春来,柳永
"
伫倚危楼风细细。望极春愁，黯黯生天际。草色烟光残照里。无言谁会凭阑意。(阑 通 栏)",宋代,蝶恋花·伫倚危楼风细细,柳永
"
塞下秋来风景异，衡阳雁去无留意。四面边声连角起，千嶂里，长烟落日孤城闭。",宋代,渔家傲·秋思,范仲淹
"
春色将阑，莺声渐老，红英落尽青梅小。画堂人静雨蒙蒙，屏山半掩余香袅。",宋代,踏莎行·春暮,寇准
"
碧云天，黄叶地。秋色连波，波上寒烟翠。山映斜阳天接水。芳草无情，更在斜阳外。",宋代,苏幕遮·怀旧,范仲淹
"
吴山青，越山青，两岸青山相送迎，争忍有离情？",宋代,相思令·吴山青,林逋
"
雨恨云愁，江南依旧称佳丽。水村渔市。一缕孤烟细。",宋代,点绛唇·感兴,王禹偁
"
天上月，遥望似一团银。夜久更阑风渐紧。与奴吹散月边云。照见负心人。
",望江南·天上月,五代
"
长忆观潮，满郭人争江上望。来疑沧海尽成空。万面鼓声中。 ",宋代,酒泉子·长忆观潮,潘阆
"
五两竿头风欲平，长风举棹觉船轻。柔橹不施停却棹，是船行。",浣溪沙·五两竿头风欲平,五代
"
叵耐灵鹊多谩语，送喜何曾有凭据？几度飞来活捉取，锁上金笼休共语。",鹊踏枝·叵耐灵鹊多谩语,五代
"
枕前发尽千般愿，要休且待青山烂。水面上秤锤浮，直待黄河彻底枯。",菩萨蛮·枕前发尽千般愿,五代
"
饮散离亭西去，浮生长恨飘蓬。回头烟柳渐重重。淡云孤雁远，寒日暮天红。",五代,临江仙·饮散离亭西去,徐昌图
"
四十年来家国，三千里地山河。凤阁龙楼连霄汉，玉树琼枝作烟萝，几曾识干戈？",五代,破阵子·四十年来家国,李煜
"
深院静，小庭空，断续寒砧断续风。",五代,捣练子令·深院静,李煜
"
一重山，两重山。山远天高烟水寒，相思枫叶丹。",五代,长相思·一重山,李煜
"
无言独上西楼，月如钩。寂寞梧桐深院锁清秋。",五代,相见欢·无言独上西楼,李煜
"
别来春半，触目柔肠断。砌下落梅如雪乱，拂了一身还满。(",五代,清平乐·别来春半,李煜
"
帘外雨潺潺，春意阑珊。罗衾不耐五更寒。梦里不知身是客，一晌贪欢。",五代,浪淘沙令·帘外雨潺潺,李煜
"
昨夜风兼雨，帘帏飒飒秋声。烛残漏断频欹枕，起坐不能平。　",五代,乌夜啼·昨夜风兼雨,李煜
"
菡萏香销翠叶残，西风愁起绿波间。还与韶光共憔悴，不堪看。",五代,摊破浣溪沙·菡萏香销翠叶残,李璟
"
林花谢了春红，太匆匆。无奈朝来寒雨晚来风。",五代,相见欢·林花谢了春红,李煜
"
风回小院庭芜绿，柳眼春相续。凭阑半日独无言，依旧竹声新月似当年。",五代,虞美人·风回小院庭芜绿,李煜
"
春花秋月何时了？往事知多少。小楼昨夜又东风，故国不堪回首月明中。",五代,虞美人·春花秋月何时了,李煜
"
春日宴，绿酒一杯歌一遍。再拜陈三愿：一愿郎君千岁，二愿妾身常健，三愿如同梁上燕，岁岁长相见。
",五代,长命女·春日宴,冯延巳
"
手卷真珠上玉钩，依前春恨锁重楼。风里落花谁是主？思悠悠。",五代,摊破浣溪沙·手卷真珠上玉钩,李璟
"
",五代,鹊踏枝·几日行云何处去,冯延巳
"
谁道闲情抛掷久？每到春来，惆怅还依旧。日日花前常病酒，不辞镜里朱颜瘦。",五代,鹊踏枝·谁道闲情抛掷久,冯延巳
"
永夜抛人何处去？绝来音。香阁掩，眉敛，月将沉。",唐代,诉衷情·永夜抛人何处去,顾夐
"
",五代,谒金门·风乍起,冯延巳
"
古庙依青嶂，行宫枕碧流。水声山色锁妆楼。往事思悠悠。",唐代,巫山一段云·古庙依青嶂,李珣
"
蓼岸风多橘柚香。江边一望楚天长。片帆烟际闪孤光。",五代,浣溪沙·蓼岸风多橘柚香,孙光宪
"
乘彩舫，过莲塘，棹歌惊起睡鸳鸯。游女带花偎伴笑，争窈窕，竞折团荷遮晚照。
",唐代,南乡子·乘彩舫,李珣
"
",五代,清平乐·雨晴烟晚,冯延巳
"
新月曲如眉，未有团圞意。红豆不堪看，满眼相思泪。",五代,生查子·新月曲如眉,牛希济
"
忆泥燕，飞到画堂前。占得杏梁安稳处，体轻唯有主人怜，堪羡好因缘。
",唐代,忆江南·衔泥燕,牛峤
"
山桃红花满上头，蜀江春水拍山流。",唐代,竹枝词·山桃红花满上头,刘禹锡
"
秋风清，秋月明，",唐代,三五七言 / 秋风词,李白
"
",唐代,思帝乡·春日游,韦庄
"
红蓼渡头秋正雨，印沙鸥迹自成行，整鬟飘袖野风香。",唐代,浣溪沙·红蓼渡头秋正雨,薛昭蕴
"
团扇，团扇，美人病来遮面。",唐代,宫中调笑·团扇,王建
"
边草，边草，边草尽来兵老。山南山北雪晴， ",唐代,调笑令·边草,戴叔伦
"
西塞山前白鹭飞，桃花流水鳜鱼肥。",唐代,渔歌子·西塞山前白鹭飞,张志和
"
箫声咽，秦娥梦断秦楼月。秦楼月，年年柳色，灞陵伤别。",唐代,忆秦娥·箫声咽,李白
"
平林漠漠烟如织，寒山一带伤心碧。暝色入高楼，有人楼上愁。",唐代,菩萨蛮·平林漠漠烟如织,李白
